[
{
  "model": "accounts.user",
  "pk": 1,
  "fields": {
    "password": "!ytsA9rPQ3CWmlrM7REywijouMxu9wdYTjgXqySLB",
    "last_login": null,
    "username": "elijah",
    "email": "elijah@gmail.com",
    "role": "USER",
    "is_active": true,
    "is_banned": false,
    "has_lifetime_access": false,
    "date_joined": "2026-01-02T23:22:24.235Z",
    "is_staff": false,
    "is_superuser": false,
    "token_version": 0,
    "groups": [],
    "user_permissions": []
  }
},
{
  "model": "accounts.user",
  "pk": 2,
  "fields": {
    "password": "!tvsoE7MdzhARjTw9WsaEAmI6CZGPM8B2fGT0yNJ7",
    "last_login": null,
    "username": "test",
    "email": "test@gmail.com",
    "role": "USER",
    "is_active": true,
    "is_banned": false,
    "has_lifetime_access": false,
    "date_joined": "2026-01-03T00:20:27.675Z",
    "is_staff": false,
    "is_superuser": false,
    "token_version": 0,
    "groups": [],
    "user_permissions": []
  }
},
{
  "model": "accounts.user",
  "pk": 3,
  "fields": {
    "password": "!3furPP2UeToia19tn2phVrCip9BmWH8xLztLZpB1",
    "last_login": null,
    "username": "aaa",
    "email": "aaa@gmail.com",
    "role": "USER",
    "is_active": true,
    "is_banned": false,
    "has_lifetime_access": false,
    "date_joined": "2026-01-03T20:59:44.838Z",
    "is_staff": false,
    "is_superuser": false,
    "token_version": 0,
    "groups": [],
    "user_permissions": []
  }
},
{
  "model": "accounts.user",
  "pk": 4,
  "fields": {
    "password": "!XRbaoSAqkxWqHsQm4dpdKv1TQoRT502lVb2pjNgg",
    "last_login": null,
    "username": "test2",
    "email": "test2@gmail.com",
    "role": "USER",
    "is_active": true,
    "is_banned": false,
    "has_lifetime_access": false,
    "date_joined": "2026-01-04T17:40:08.426Z",
    "is_staff": false,
    "is_superuser": false,
    "token_version": 0,
    "groups": [],
    "user_permissions": []
  }
},
{
  "model": "accounts.user",
  "pk": 5,
  "fields": {
    "password": "!B1mEzX51RJXwnO3sBkjo5raUKEG0zo9R3gzgLxvJ",
    "last_login": null,
    "username": "testing",
    "email": "testing@gmail.com",
    "role": "USER",
    "is_active": true,
    "is_banned": false,
    "has_lifetime_access": false,
    "date_joined": "2026-01-04T18:32:31.102Z",
    "is_staff": false,
    "is_superuser": false,
    "token_version": 0,
    "groups": [],
    "user_permissions": []
  }
},
{
  "model": "accounts.user",
  "pk": 6,
  "fields": {
    "password": "!Q9gDzKisSz2GTs0nSI4HS5szdXr4Y0OCNwFb55NJ",
    "last_login": null,
    "username": "test5",
    "email": "test5@gmail.com",
    "role": "USER",
    "is_active": true,
    "is_banned": false,
    "has_lifetime_access": false,
    "date_joined": "2026-01-05T13:59:03.024Z",
    "is_staff": false,
    "is_superuser": false,
    "token_version": 0,
    "groups": [],
    "user_permissions": []
  }
},
{
  "model": "accounts.user",
  "pk": 7,
  "fields": {
    "password": "!AytWyM69yg3lE0Jo8HWe0HhLZVhX7njD1RBe8kal",
    "last_login": null,
    "username": "test6",
    "email": "test6@gmail.com",
    "role": "USER",
    "is_active": true,
    "is_banned": false,
    "has_lifetime_access": false,
    "date_joined": "2026-01-05T14:08:38.514Z",
    "is_staff": false,
    "is_superuser": false,
    "token_version": 0,
    "groups": [],
    "user_permissions": []
  }
},
{
  "model": "accounts.user",
  "pk": 8,
  "fields": {
    "password": "!2lmlCmHK75jP25nac0bK3vPOCodeWZUsWZ0sPhI3",
    "last_login": null,
    "username": "cmd_test_user",
    "email": "cmd_test@example.com",
    "role": "USER",
    "is_active": true,
    "is_banned": false,
    "has_lifetime_access": false,
    "date_joined": "2026-02-26T16:10:54.145Z",
    "is_staff": false,
    "is_superuser": false,
    "token_version": 0,
    "groups": [],
    "user_permissions": []
  }
},
{
  "model": "accounts.user",
  "pk": 9,
  "fields": {
    "password": "!HO66o4MrOwPfHuu8woGxPGgFTg3WnZIURq4GZ5Th",
    "last_login": null,
    "username": "testuser10",
    "email": "test@user.com",
    "role": "USER",
    "is_active": true,
    "is_banned": false,
    "has_lifetime_access": false,
    "date_joined": "2026-02-26T16:15:33.518Z",
    "is_staff": false,
    "is_superuser": false,
    "token_version": 0,
    "groups": [],
    "user_permissions": []
  }
},
{
  "model": "accounts.user",
  "pk": 10,
  "fields": {
    "password": "pbkdf2_sha256$1000000$ByqUQqE4P7pZDeDXGHhtI8$MYWs0gECmBAAi22bR5siD8qLyW2MrD8ME+lJZuWJ65s=",
    "last_login": "2026-03-20T14:11:41.257Z",
    "username": "livkit liv-kit",
    "email": "livkit346@gmail.com",
    "role": "MASTER_ADMIN",
    "is_active": true,
    "is_banned": false,
    "has_lifetime_access": false,
    "date_joined": "2026-02-26T16:23:25.533Z",
    "is_staff": true,
    "is_superuser": true,
    "token_version": 0,
    "groups": [],
    "user_permissions": []
  }
},
{
  "model": "accounts.user",
  "pk": 11,
  "fields": {
    "password": "!QMkUDmTSu8tf2FZO8pcwzuX4LTQvMwx34Egx5tn5",
    "last_login": null,
    "username": "livkit",
    "email": "livkit@example.com",
    "role": "USER",
    "is_active": true,
    "is_banned": false,
    "has_lifetime_access": false,
    "date_joined": "2026-03-01T00:03:38.421Z",
    "is_staff": false,
    "is_superuser": false,
    "token_version": 0,
    "groups": [],
    "user_permissions": []
  }
},
{
  "model": "accounts.user",
  "pk": 12,
  "fields": {
    "password": "!ZZjB0iGQEVuWar1CMBrV2eXn9VIK7JWedeZbb01Y",
    "last_login": null,
    "username": "tester",
    "email": "tester@test.com",
    "role": "USER",
    "is_active": true,
    "is_banned": false,
    "has_lifetime_access": false,
    "date_joined": "2026-03-03T14:35:41.166Z",
    "is_staff": false,
    "is_superuser": false,
    "token_version": 0,
    "groups": [],
    "user_permissions": []
  }
},
{
  "model": "accounts.user",
  "pk": 13,
  "fields": {
    "password": "!cswDJwVZLvfiK5viXPBkdprIzlL2v1DB98wsOoKf",
    "last_login": null,
    "username": "testuser",
    "email": "test@example.com",
    "role": "USER",
    "is_active": true,
    "is_banned": false,
    "has_lifetime_access": false,
    "date_joined": "2026-03-03T14:41:52.892Z",
    "is_staff": false,
    "is_superuser": false,
    "token_version": 0,
    "groups": [],
    "user_permissions": []
  }
},
{
  "model": "accounts.user",
  "pk": 14,
  "fields": {
    "password": "!Vl4zf06N25QRw04QC0lhYBmxYgp93gzChp6EAdGs",
    "last_login": null,
    "username": "tester2",
    "email": "tester2@test.com",
    "role": "USER",
    "is_active": true,
    "is_banned": false,
    "has_lifetime_access": false,
    "date_joined": "2026-03-03T14:46:53.308Z",
    "is_staff": false,
    "is_superuser": false,
    "token_version": 0,
    "groups": [],
    "user_permissions": []
  }
},
{
  "model": "accounts.user",
  "pk": 15,
  "fields": {
    "password": "!xHgCuDh78ja7r3UH5p41zVzTiTDxtPO7xESwknhC",
    "last_login": null,
    "username": "tester700",
    "email": "tester700@example.com",
    "role": "USER",
    "is_active": true,
    "is_banned": false,
    "has_lifetime_access": false,
    "date_joined": "2026-03-03T15:05:17.677Z",
    "is_staff": false,
    "is_superuser": false,
    "token_version": 0,
    "groups": [],
    "user_permissions": []
  }
},
{
  "model": "accounts.user",
  "pk": 17,
  "fields": {
    "password": "!n9DMs0gKz6g5P4bMTfUaqUeVqisbMsXlZcnhJQDY",
    "last_login": null,
    "username": "intro_tester",
    "email": "intro_tester@test.com",
    "role": "USER",
    "is_active": true,
    "is_banned": false,
    "has_lifetime_access": true,
    "date_joined": "2026-03-04T22:30:02.033Z",
    "is_staff": false,
    "is_superuser": false,
    "token_version": 0,
    "groups": [],
    "user_permissions": []
  }
},
{
  "model": "accounts.user",
  "pk": 18,
  "fields": {
    "password": "!ucVu9ss07gW2yQ0WmBgA7IPZwUEBESXEiacSn7zP",
    "last_login": null,
    "username": "testuser3",
    "email": "test3@example.com",
    "role": "USER",
    "is_active": true,
    "is_banned": false,
    "has_lifetime_access": false,
    "date_joined": "2026-03-06T19:49:11.365Z",
    "is_staff": false,
    "is_superuser": false,
    "token_version": 0,
    "groups": [],
    "user_permissions": []
  }
},
{
  "model": "accounts.user",
  "pk": 19,
  "fields": {
    "password": "!YUocP5oQQfvLVdSTsareEAti8n6a5BAvtmCwEok8",
    "last_login": null,
    "username": null,
    "email": "admin@livkit.com",
    "role": "ADMIN_MAIN",
    "is_active": true,
    "is_banned": false,
    "has_lifetime_access": false,
    "date_joined": "2026-03-20T14:01:58.045Z",
    "is_staff": true,
    "is_superuser": true,
    "token_version": 0,
    "groups": [],
    "user_permissions": []
  }
},
{
  "model": "accounts.user",
  "pk": 20,
  "fields": {
    "password": "pbkdf2_sha256$1000000$I33bs1LXAjWA1tccNHMtQ3$L3HF3PP+K7VsEz2ujArL5q7kGGr6SVedFtWWgBsDYW4=",
    "last_login": null,
    "username": "blackliv",
    "email": "livkit346@gmail.comu",
    "role": "USER",
    "is_active": true,
    "is_banned": false,
    "has_lifetime_access": false,
    "date_joined": "2026-04-02T19:39:40.743Z",
    "is_staff": false,
    "is_superuser": false,
    "token_version": 0,
    "groups": [],
    "user_permissions": []
  }
},
{
  "model": "accounts.userprofile",
  "pk": 1,
  "fields": {
    "user": 8,
    "display_name": "",
    "bio": "",
    "phone": "",
    "avatar": "",
    "updated_at": "2026-02-26T16:10:56.022Z",
    "banner_image": ""
  }
},
{
  "model": "accounts.userprofile",
  "pk": 2,
  "fields": {
    "user": 9,
    "display_name": "",
    "bio": "",
    "phone": "",
    "avatar": "",
    "updated_at": "2026-02-26T16:15:39.983Z",
    "banner_image": ""
  }
},
{
  "model": "accounts.userprofile",
  "pk": 3,
  "fields": {
    "user": 10,
    "display_name": "livkit liv-kit",
    "bio": "love in my eye",
    "phone": "",
    "avatar": "",
    "updated_at": "2026-03-20T13:42:43.002Z",
    "banner_image": ""
  }
},
{
  "model": "accounts.userprofile",
  "pk": 4,
  "fields": {
    "user": 11,
    "display_name": "",
    "bio": "",
    "phone": "",
    "avatar": "",
    "updated_at": "2026-03-01T00:03:42.468Z",
    "banner_image": ""
  }
},
{
  "model": "accounts.userprofile",
  "pk": 5,
  "fields": {
    "user": 12,
    "display_name": "",
    "bio": "",
    "phone": "",
    "avatar": "",
    "updated_at": "2026-03-03T14:35:45.960Z",
    "banner_image": ""
  }
},
{
  "model": "accounts.userprofile",
  "pk": 6,
  "fields": {
    "user": 13,
    "display_name": "",
    "bio": "",
    "phone": "",
    "avatar": "",
    "updated_at": "2026-03-03T14:41:57.991Z",
    "banner_image": ""
  }
},
{
  "model": "accounts.userprofile",
  "pk": 7,
  "fields": {
    "user": 14,
    "display_name": "",
    "bio": "",
    "phone": "",
    "avatar": "",
    "updated_at": "2026-03-03T14:46:57.216Z",
    "banner_image": ""
  }
},
{
  "model": "accounts.userprofile",
  "pk": 8,
  "fields": {
    "user": 15,
    "display_name": "",
    "bio": "",
    "phone": "",
    "avatar": "",
    "updated_at": "2026-03-03T15:05:19.339Z",
    "banner_image": ""
  }
},
{
  "model": "accounts.userprofile",
  "pk": 10,
  "fields": {
    "user": 17,
    "display_name": "",
    "bio": "",
    "phone": "",
    "avatar": "",
    "updated_at": "2026-03-04T22:30:06.886Z",
    "banner_image": ""
  }
},
{
  "model": "accounts.userprofile",
  "pk": 11,
  "fields": {
    "user": 18,
    "display_name": "",
    "bio": "",
    "phone": "",
    "avatar": "",
    "updated_at": "2026-03-06T19:49:18.158Z",
    "banner_image": ""
  }
},
{
  "model": "accounts.userprofile",
  "pk": 12,
  "fields": {
    "user": 19,
    "display_name": "",
    "bio": "",
    "phone": "",
    "avatar": "",
    "updated_at": "2026-03-20T14:01:58.049Z",
    "banner_image": ""
  }
},
{
  "model": "accounts.userprofile",
  "pk": 13,
  "fields": {
    "user": 20,
    "display_name": "",
    "bio": "",
    "phone": "",
    "avatar": "",
    "updated_at": "2026-04-02T19:39:42.529Z",
    "banner_image": ""
  }
},
{
  "model": "accounts.privacysettings",
  "pk": 1,
  "fields": {
    "user": 12,
    "is_private_account": false,
    "allow_comments": true,
    "allow_duet": true,
    "allow_download": true
  }
},
{
  "model": "accounts.privacysettings",
  "pk": 2,
  "fields": {
    "user": 13,
    "is_private_account": false,
    "allow_comments": true,
    "allow_duet": true,
    "allow_download": true
  }
},
{
  "model": "accounts.privacysettings",
  "pk": 3,
  "fields": {
    "user": 14,
    "is_private_account": false,
    "allow_comments": true,
    "allow_duet": true,
    "allow_download": true
  }
},
{
  "model": "accounts.privacysettings",
  "pk": 4,
  "fields": {
    "user": 10,
    "is_private_account": false,
    "allow_comments": true,
    "allow_duet": true,
    "allow_download": true
  }
},
{
  "model": "accounts.privacysettings",
  "pk": 5,
  "fields": {
    "user": 15,
    "is_private_account": false,
    "allow_comments": true,
    "allow_duet": true,
    "allow_download": true
  }
},
{
  "model": "accounts.privacysettings",
  "pk": 7,
  "fields": {
    "user": 17,
    "is_private_account": false,
    "allow_comments": true,
    "allow_duet": true,
    "allow_download": true
  }
},
{
  "model": "accounts.privacysettings",
  "pk": 8,
  "fields": {
    "user": 18,
    "is_private_account": false,
    "allow_comments": true,
    "allow_duet": true,
    "allow_download": true
  }
},
{
  "model": "accounts.privacysettings",
  "pk": 9,
  "fields": {
    "user": 19,
    "is_private_account": false,
    "allow_comments": true,
    "allow_duet": true,
    "allow_download": true
  }
},
{
  "model": "accounts.privacysettings",
  "pk": 10,
  "fields": {
    "user": 20,
    "is_private_account": false,
    "allow_comments": true,
    "allow_duet": true,
    "allow_download": true
  }
},
{
  "model": "accounts.securitysettings",
  "pk": 1,
  "fields": {
    "user": 12,
    "two_factor_auth": false,
    "security_alerts": true
  }
},
{
  "model": "accounts.securitysettings",
  "pk": 2,
  "fields": {
    "user": 13,
    "two_factor_auth": false,
    "security_alerts": true
  }
},
{
  "model": "accounts.securitysettings",
  "pk": 3,
  "fields": {
    "user": 14,
    "two_factor_auth": false,
    "security_alerts": true
  }
},
{
  "model": "accounts.securitysettings",
  "pk": 4,
  "fields": {
    "user": 10,
    "two_factor_auth": false,
    "security_alerts": true
  }
},
{
  "model": "accounts.securitysettings",
  "pk": 5,
  "fields": {
    "user": 15,
    "two_factor_auth": false,
    "security_alerts": true
  }
},
{
  "model": "accounts.securitysettings",
  "pk": 7,
  "fields": {
    "user": 17,
    "two_factor_auth": false,
    "security_alerts": true
  }
},
{
  "model": "accounts.securitysettings",
  "pk": 8,
  "fields": {
    "user": 18,
    "two_factor_auth": false,
    "security_alerts": true
  }
},
{
  "model": "accounts.securitysettings",
  "pk": 9,
  "fields": {
    "user": 19,
    "two_factor_auth": false,
    "security_alerts": true
  }
},
{
  "model": "accounts.securitysettings",
  "pk": 10,
  "fields": {
    "user": 20,
    "two_factor_auth": false,
    "security_alerts": true
  }
},
{
  "model": "official_site.timesubscriptiontier",
  "pk": 1,
  "fields": {
    "name": "Premium Plan",
    "duration_hours": 6,
    "price": "4.99",
    "benefits": "",
    "is_active": true,
    "discount_percentage": 0
  }
},
{
  "model": "official_site.timesubscriptiontier",
  "pk": 2,
  "fields": {
    "name": "Premium Plan",
    "duration_hours": 12,
    "price": "8.99",
    "benefits": "",
    "is_active": true,
    "discount_percentage": 0
  }
},
{
  "model": "official_site.timesubscriptiontier",
  "pk": 3,
  "fields": {
    "name": "Premium Plan",
    "duration_hours": 24,
    "price": "14.99",
    "benefits": "",
    "is_active": true,
    "discount_percentage": 0
  }
},
{
  "model": "official_site.timesubscriptiontier",
  "pk": 4,
  "fields": {
    "name": "Premium Plan",
    "duration_hours": 48,
    "price": "24.99",
    "benefits": "",
    "is_active": true,
    "discount_percentage": 0
  }
},
{
  "model": "official_site.coinpackage",
  "pk": 1,
  "fields": {
    "name": "Coin Pack",
    "coin_amount": 100,
    "price": "1.00",
    "bonus_coins": 0,
    "is_active": true
  }
},
{
  "model": "official_site.coinpackage",
  "pk": 2,
  "fields": {
    "name": "Coin Pack",
    "coin_amount": 500,
    "price": "4.50",
    "bonus_coins": 50,
    "is_active": true
  }
},
{
  "model": "official_site.coinpackage",
  "pk": 3,
  "fields": {
    "name": "Coin Pack",
    "coin_amount": 1000,
    "price": "8.00",
    "bonus_coins": 200,
    "is_active": true
  }
},
{
  "model": "official_site.virtualgift",
  "pk": 1,
  "fields": {
    "name": "Rose",
    "coin_cost": 10,
    "image_url": null,
    "css_icon_class": "local_florist",
    "is_active": true,
    "sort_order": 1
  }
},
{
  "model": "official_site.virtualgift",
  "pk": 2,
  "fields": {
    "name": "Heart",
    "coin_cost": 50,
    "image_url": null,
    "css_icon_class": "favorite",
    "is_active": true,
    "sort_order": 2
  }
},
{
  "model": "official_site.virtualgift",
  "pk": 3,
  "fields": {
    "name": "Diamond",
    "coin_cost": 500,
    "image_url": null,
    "css_icon_class": "diamond",
    "is_active": true,
    "sort_order": 3
  }
},
{
  "model": "payments.entitlement",
  "pk": 1,
  "fields": {
    "user": 2,
    "is_active": true,
    "source": "stripe",
    "transaction_id": null,
    "activated_at": "2026-01-05T11:30:27.310Z"
  }
},
{
  "model": "payments.entitlement",
  "pk": 2,
  "fields": {
    "user": 3,
    "is_active": false,
    "source": null,
    "transaction_id": null,
    "activated_at": null
  }
},
{
  "model": "payments.entitlement",
  "pk": 3,
  "fields": {
    "user": 4,
    "is_active": false,
    "source": null,
    "transaction_id": null,
    "activated_at": null
  }
},
{
  "model": "payments.entitlement",
  "pk": 4,
  "fields": {
    "user": 5,
    "is_active": true,
    "source": "stripe",
    "transaction_id": null,
    "activated_at": "2026-01-05T11:56:47.783Z"
  }
},
{
  "model": "payments.entitlement",
  "pk": 5,
  "fields": {
    "user": 1,
    "is_active": true,
    "source": "stripe",
    "transaction_id": null,
    "activated_at": "2026-01-05T11:09:09.746Z"
  }
},
{
  "model": "payments.entitlement",
  "pk": 6,
  "fields": {
    "user": 6,
    "is_active": true,
    "source": "stripe",
    "transaction_id": null,
    "activated_at": "2026-01-05T14:03:24.303Z"
  }
},
{
  "model": "payments.entitlement",
  "pk": 7,
  "fields": {
    "user": 7,
    "is_active": true,
    "source": "stripe",
    "transaction_id": null,
    "activated_at": "2026-01-05T14:11:14.672Z"
  }
}
]
